{
  "title": "Ariana Grande (eternal sunshine)",
  "author": {
    "name": "eternal",
    "discordUserId": null
  },
  "md5": "070f6ec93fbfb9ca5d8a4a51745eb2af",
  "uploadedAt": "2024-05-12T00:42:11.664Z",
  "weightsLink": "https://www.weights.gg/models/clw2t8s3z01ja6y6infaobkhc",
  "id": "clw2t8s3z01ja6y6infaobkhc",
  "type": "v2",
  "tags": [],
  "description": "eternal sunshine",
  "samples": [],
  "files": [
    {
      "name": "model.pth",
      "size": 57577722,
      "md5": "070f6ec93fbfb9ca5d8a4a51745eb2af"
    }
  ],
  "torchMetadata": {
    "config": {
      "spec_channels": 1025,
      "segment_size": 32,
      "inter_channels": 192,
      "hidden_channels": 192,
      "filter_channels": 768,
      "n_heads": 2,
      "n_layers": 6,
      "kernel_size": 3,
      "p_dropout": 0,
      "resblock": "1",
      "resblock_kernel_sizes": [
        3,
        7,
        11
      ],
      "resblock_dilation_sizes": [
        [
          1,
          3,
          5
        ],
        [
          1,
          3,
          5
        ],
        [
          1,
          3,
          5
        ]
      ],
      "upsample_rates": [
        12,
        10,
        2,
        2
      ],
      "upsample_initial_channel": 512,
      "upsample_kernel_sizes": [
        24,
        20,
        4,
        4
      ],
      "emb_channels": null,
      "spk_embed_dim": 109,
      "gin_channels": 256,
      "sr": 48000
    },
    "f0": 1,
    "version": "v2",
    "extra_info": {
      "config": [
        1025,
        32,
        192,
        192,
        768,
        2,
        6,
        3,
        0,
        "1",
        [
          3,
          7,
          11
        ],
        [
          [
            1,
            3,
            5
          ],
          [
            1,
            3,
            5
          ],
          [
            1,
            3,
            5
          ]
        ],
        [
          12,
          10,
          2,
          2
        ],
        512,
        [
          24,
          20,
          4,
          4
        ],
        109,
        256,
        48000
      ],
      "epoch": 58,
      "step": 2182,
      "sr": 48000,
      "f0": 1,
      "version": "v2",
      "creation_date": "2024-05-12T00:31:15.532539",
      "model_hash": "a47cd3ba764037881eaa6bfc9d4fcdbf597b306de034cb6b47ea6e6ca6b14ea4"
    },
    "epochs": 58,
    "step": 2182,
    "creation_date": "2024-05-12T00:31:15.532539",
    "model_hash": "a47cd3ba764037881eaa6bfc9d4fcdbf597b306de034cb6b47ea6e6ca6b14ea4"
  },
  "url": "https://models.weights.gg/clw2s8dsp029cswunnmi9qifn.zip",
  "urls": [],
  "epochs": 58,
  "originalFileList": [
    "model.pth"
  ]
}